year,forecast,lower_ci,upper_ci
2025,343652786821.31195,305631181607.25604,381674392035.36786
2026,315375570892.14417,267175265738.09192,363575876046.1964
2027,312404509569.16223,264103805727.9643,360705213410.36017
