year,scenario,ensemble_forecast,lower_ci,upper_ci,base_forecast,multicountry_impact,economic_impact,sentiment_impact,probability,description,sentiment_score,risk_premium
2025,Pessimistic,234356256331.67026,181957760295.87595,288882221517.2656,285813248042.9148,-34513014373.99272,-9065515856.197582,-7878461481.054268,0.25,Worst case: tariff escalation + negative sentiment + economic slowdown,-0.325240805785124,0.022023036873904507
2026,Pessimistic,234527267552.27386,168311764816.51172,303492359419.48914,286021807751.0172,-34538198735.64447,-9072131019.60835,-7884210443.490531,0.25,Worst case: tariff escalation + negative sentiment + economic slowdown,-0.325240805785124,0.022023036873904507
2027,Pessimistic,234496272240.4827,156219656056.96924,316065716076.15216,285984006879.49023,-34533634139.5969,-9070932039.496153,-7883168459.91449,0.25,Worst case: tariff escalation + negative sentiment + economic slowdown,-0.325240805785124,0.022023036873904507
