year,weighted_forecast,weighted_lower_ci,weighted_upper_ci
2025,265699065375.23108,206292793736.91388,327517333917.59845
2026,265892947638.90216,190821782628.72128,344081431869.9493
2027,265857807013.67267,177112475072.28418,358336349424.0892
