year,weighted_forecast,weighted_lower_ci,weighted_upper_ci
2025,267401948597.04385,207614938158.98535,329616414589.9128
2026,267597073465.21313,192044772297.63843,346286672962.69147
2027,267561707621.3476,178247600864.8736,360632951244.416
